{
"lengthUnit": "mil",
"components": {
	"fields": ["COMPONENT_NO", "COMPONENT_NAME", "LAYER", "X_COORDINATE", "Y_COORDINATE", "ANGLE"],
	"rows": [
		[1, "C2", "T", 1425, -340, 0],
		[2, "C3", "T", 1425, -260, 0],
		[3, "C4", "T", 1425, -300, 180],
		[4, "D1", "T", 1710, -695, 270],
		[5, "D2", "T", 1710, -296.67, 90],
		[6, "H1", "T", 1062.99, -925.2, 0],
		[7, "H2", "T", 1062.99, -59.06, 0],
		[8, "H3", "T", 355, -492.13, 90],
		[9, "P1", "T", 188.98, -492.13, 270],
		[10, "P2", "B", 188.98, -787.4, 90],
		[11, "P3", "B", 188.98, -590.55, 90],
		[12, "P4", "B", 188.98, -393.7, 90],
		[13, "P5", "B", 188.98, -196.85, 90],
		[14, "R2", "T", 880, -700, 90],
		[15, "R3", "T", 1710, -223.33, 90],
		[16, "R4", "T", 1710, -150, 270],
		[17, "R7", "T", 1090, -635, 180],
		[18, "R8", "T", 1090, -340, 0],
		[19, "R9", "T", 1710, -770, 270],
		[20, "R10", "T", 1710, -840, 90],
		[21, "R11", "T", 1710, -620, 270],
		[22, "R12", "T", 1710, -370, 90],
		[23, "S1", "T", 492.13, -846.46, 0],
		[24, "U1", "T", 700, -700, 0],
		[25, "U2", "T", 354.33, -57.09, 180],
		[26, "U3", "T", 354.33, -927.17, 0],
		[27, "U4", "T", 1540, -300, 180],
		[28, "U5", "T", 1088.62, -492.13, 0],
		[29, "U6", "T", 129.92, -767.72, 270],
		[30, "U7", "T", 129.92, -216.54, 270],
		[31, "USB1", "T", 1889.76, -255.91, 90],
		[32, "USB2", "T", 1889.76, -728.35, 90]
	]
},
"pins": {
	"fields": ["PIN_NO", "PIN_NAME", "PIN_X", "PIN_Y", "LAYER", "PIN_TYPE", "NET_NAME", "NET_TYPE", "PAD_SHAPE", "PAD_SIZEX", "PAD_SIZEY", "HOLE_SIZE", "PAD_ANGLE"],
	"rows": [
		[1, "C2_1", 1405, -340, "T", "SMD", "GND", "GND", "R", 20, 20, 0, 90],
		[2, "C2_2", 1445, -340, "T", "SMD", "3V3", "", "R", 20, 20, 0, 90],
		[3, "C3_1", 1405, -260, "T", "SMD", "GND", "GND", "R", 20, 20, 0, 90],
		[4, "C3_2", 1445, -260, "T", "SMD", "$1N7820", "", "R", 20, 20, 0, 90],
		[5, "C4_1", 1445, -300, "T", "SMD", "3V3", "", "R", 20, 20, 0, 270],
		[6, "C4_2", 1405, -300, "T", "SMD", "GND", "GND", "R", 20, 20, 0, 270],
		[7, "D1_1", 1710, -675, "T", "SMD", "$1N8566", "", "R", 20, 20, 0, 0],
		[8, "D1_2", 1710, -715, "T", "SMD", "GND", "GND", "R", 20, 20, 0, 0],
		[9, "D2_1", 1710, -316.67, "T", "SMD", "$1N8614", "", "R", 20, 20, 0, 180],
		[10, "D2_2", 1710, -276.67, "T", "SMD", "GND", "GND", "R", 20, 20, 0, 180],
		[11, "H1_1", 512.99, -925.2, "T", "DIP", "GND", "GND", "R", 60, 60, 41.34, 0],
		[12, "H1_1", 512.99, -925.2, "B", "DIP", "GND", "GND", "R", 60, 60, 41.34, 0],
		[13, "H1_2", 612.99, -925.2, "T", "DIP", "AGND", "", "C", 60, 60, 41.34, 0],
		[14, "H1_2", 612.99, -925.2, "B", "DIP", "AGND", "", "C", 60, 60, 41.34, 0],
		[15, "H1_3", 712.99, -925.2, "T", "DIP", "VDD_USB", "", "C", 60, 60, 41.34, 0],
		[16, "H1_3", 712.99, -925.2, "B", "DIP", "VDD_USB", "", "C", 60, 60, 41.34, 0],
		[17, "H1_4", 812.99, -925.2, "T", "DIP", "VDD_USB", "", "C", 60, 60, 41.34, 0],
		[18, "H1_4", 812.99, -925.2, "B", "DIP", "VDD_USB", "", "C", 60, 60, 41.34, 0],
		[19, "H1_5", 912.99, -925.2, "T", "DIP", "ADC2", "", "C", 60, 60, 41.34, 0],
		[20, "H1_5", 912.99, -925.2, "B", "DIP", "ADC2", "", "C", 60, 60, 41.34, 0],
		[21, "H1_6", 1012.99, -925.2, "T", "DIP", "ADC1", "", "C", 60, 60, 41.34, 0],
		[22, "H1_6", 1012.99, -925.2, "B", "DIP", "ADC1", "", "C", 60, 60, 41.34, 0],
		[23, "H1_7", 1112.99, -925.2, "T", "DIP", "ADC3", "", "C", 60, 60, 41.34, 0],
		[24, "H1_7", 1112.99, -925.2, "B", "DIP", "ADC3", "", "C", 60, 60, 41.34, 0],
		[25, "H1_8", 1212.99, -925.2, "T", "DIP", "ADC4", "", "C", 60, 60, 41.34, 0],
		[26, "H1_8", 1212.99, -925.2, "B", "DIP", "ADC4", "", "C", 60, 60, 41.34, 0],
		[27, "H1_9", 1312.99, -925.2, "T", "DIP", "UART1_TX", "", "C", 60, 60, 41.34, 0],
		[28, "H1_9", 1312.99, -925.2, "B", "DIP", "UART1_TX", "", "C", 60, 60, 41.34, 0],
		[29, "H1_10", 1412.99, -925.2, "T", "DIP", "UART1_RX", "", "C", 60, 60, 41.34, 0],
		[30, "H1_10", 1412.99, -925.2, "B", "DIP", "UART1_RX", "", "C", 60, 60, 41.34, 0],
		[31, "H1_11", 1512.99, -925.2, "T", "DIP", "SDA", "", "C", 60, 60, 41.34, 0],
		[32, "H1_11", 1512.99, -925.2, "B", "DIP", "SDA", "", "C", 60, 60, 41.34, 0],
		[33, "H1_12", 1612.99, -925.2, "T", "DIP", "SCL", "", "C", 60, 60, 41.34, 0],
		[34, "H1_12", 1612.99, -925.2, "B", "DIP", "SCL", "", "C", 60, 60, 41.34, 0],
		[35, "H2_1", 512.99, -59.06, "T", "DIP", "GND", "GND", "R", 60, 60, 41.34, 0],
		[36, "H2_1", 512.99, -59.06, "B", "DIP", "GND", "GND", "R", 60, 60, 41.34, 0],
		[37, "H2_2", 612.99, -59.06, "T", "DIP", "3V3", "", "C", 60, 60, 41.34, 0],
		[38, "H2_2", 612.99, -59.06, "B", "DIP", "3V3", "", "C", 60, 60, 41.34, 0],
		[39, "H2_3", 712.99, -59.06, "T", "DIP", "UART5_RX", "", "C", 60, 60, 41.34, 0],
		[40, "H2_3", 712.99, -59.06, "B", "DIP", "UART5_RX", "", "C", 60, 60, 41.34, 0],
		[41, "H2_4", 812.99, -59.06, "T", "DIP", "UART5_TX", "", "C", 60, 60, 41.34, 0],
		[42, "H2_4", 812.99, -59.06, "B", "DIP", "UART5_TX", "", "C", 60, 60, 41.34, 0],
		[43, "H2_5", 912.99, -59.06, "T", "DIP", "UART4_RX", "", "C", 60, 60, 41.34, 0],
		[44, "H2_5", 912.99, -59.06, "B", "DIP", "UART4_RX", "", "C", 60, 60, 41.34, 0],
		[45, "H2_6", 1012.99, -59.06, "T", "DIP", "UART4_TX", "", "C", 60, 60, 41.34, 0],
		[46, "H2_6", 1012.99, -59.06, "B", "DIP", "UART4_TX", "", "C", 60, 60, 41.34, 0],
		[47, "H2_7", 1112.99, -59.06, "T", "DIP", "SPI3_SCK", "", "C", 60, 60, 41.34, 0],
		[48, "H2_7", 1112.99, -59.06, "B", "DIP", "SPI3_SCK", "", "C", 60, 60, 41.34, 0],
		[49, "H2_8", 1212.99, -59.06, "T", "DIP", "SPI3_MISO", "", "C", 60, 60, 41.34, 0],
		[50, "H2_8", 1212.99, -59.06, "B", "DIP", "SPI3_MISO", "", "C", 60, 60, 41.34, 0],
		[51, "H2_9", 1312.99, -59.06, "T", "DIP", "SPI3_MOSI", "", "C", 60, 60, 41.34, 0],
		[52, "H2_9", 1312.99, -59.06, "B", "DIP", "SPI3_MOSI", "", "C", 60, 60, 41.34, 0],
		[53, "H2_10", 1412.99, -59.06, "T", "DIP", "SPI1_MOSI", "", "C", 60, 60, 41.34, 0],
		[54, "H2_10", 1412.99, -59.06, "B", "DIP", "SPI1_MOSI", "", "C", 60, 60, 41.34, 0],
		[55, "H2_11", 1512.99, -59.06, "T", "DIP", "SPI1_SCK", "", "C", 60, 60, 41.34, 0],
		[56, "H2_11", 1512.99, -59.06, "B", "DIP", "SPI1_SCK", "", "C", 60, 60, 41.34, 0],
		[57, "H2_12", 1612.99, -59.06, "T", "DIP", "SPI1_MISO", "", "C", 60, 60, 41.34, 0],
		[58, "H2_12", 1612.99, -59.06, "B", "DIP", "SPI1_MISO", "", "C", 60, 60, 41.34, 0],
		[59, "H3_1", 405, -742.13, "T", "DIP", "PA4", "", "R", 66.93, 66.93, 43.31, 90],
		[60, "H3_1", 405, -742.13, "B", "DIP", "PA4", "", "R", 66.93, 66.93, 43.31, 90],
		[61, "H3_2", 305, -742.13, "T", "DIP", "PA6", "", "C", 66.93, 66.93, 43.31, 90],
		[62, "H3_2", 305, -742.13, "B", "DIP", "PA6", "", "C", 66.93, 66.93, 43.31, 90],
		[63, "H3_3", 405, -642.13, "T", "DIP", "PB1", "", "C", 66.93, 66.93, 43.31, 90],
		[64, "H3_3", 405, -642.13, "B", "DIP", "PB1", "", "C", 66.93, 66.93, 43.31, 90],
		[65, "H3_4", 305, -642.13, "T", "DIP", "PB0", "", "C", 66.93, 66.93, 43.31, 90],
		[66, "H3_4", 305, -642.13, "B", "DIP", "PB0", "", "C", 66.93, 66.93, 43.31, 90],
		[67, "H3_5", 405, -542.13, "T", "DIP", "PC13", "", "C", 66.93, 66.93, 43.31, 90],
		[68, "H3_5", 405, -542.13, "B", "DIP", "PC13", "", "C", 66.93, 66.93, 43.31, 90],
		[69, "H3_6", 305, -542.13, "T", "DIP", "PC14", "", "C", 66.93, 66.93, 43.31, 90],
		[70, "H3_6", 305, -542.13, "B", "DIP", "PC14", "", "C", 66.93, 66.93, 43.31, 90],
		[71, "H3_7", 405, -442.13, "T", "DIP", "PC0", "", "C", 66.93, 66.93, 43.31, 90],
		[72, "H3_7", 405, -442.13, "B", "DIP", "PC0", "", "C", 66.93, 66.93, 43.31, 90],
		[73, "H3_8", 305, -442.13, "T", "DIP", "PC1", "", "C", 66.93, 66.93, 43.31, 90],
		[74, "H3_8", 305, -442.13, "B", "DIP", "PC1", "", "C", 66.93, 66.93, 43.31, 90],
		[75, "H3_9", 405, -342.13, "T", "DIP", "3V3", "", "C", 66.93, 66.93, 43.31, 90],
		[76, "H3_9", 405, -342.13, "B", "DIP", "3V3", "", "C", 66.93, 66.93, 43.31, 90],
		[77, "H3_10", 305, -342.13, "T", "DIP", "3V3", "", "C", 66.93, 66.93, 43.31, 90],
		[78, "H3_10", 305, -342.13, "B", "DIP", "3V3", "", "C", 66.93, 66.93, 43.31, 90],
		[79, "H3_11", 405, -242.13, "T", "DIP", "GND", "GND", "C", 66.93, 66.93, 43.31, 90],
		[80, "H3_11", 405, -242.13, "B", "DIP", "GND", "GND", "C", 66.93, 66.93, 43.31, 90],
		[81, "H3_12", 305, -242.13, "T", "DIP", "GND", "GND", "C", 66.93, 66.93, 43.31, 90],
		[82, "H3_12", 305, -242.13, "B", "DIP", "GND", "GND", "C", 66.93, 66.93, 43.31, 90],
		[83, "P1_1", 188.98, -452.76, "T", "SMD", "GND", "GND", "R", 15.75, 59.06, 0, 270],
		[84, "P1_2", 188.98, -492.13, "T", "SMD", "SWCLK", "", "R", 15.75, 59.06, 0, 270],
		[85, "P1_3", 188.98, -531.5, "T", "SMD", "SWDIO", "", "R", 15.75, 59.06, 0, 270],
		[86, "P1_SH1", 43.98, -407.13, "T", "SMD", "GND", "GND", "R", 39.37, 59.06, 0, 270],
		[87, "P1_SH2", 43.98, -577.13, "T", "SMD", "GND", "GND", "R", 39.37, 59.06, 0, 90],
		[88, "P2_1", 188.98, -807.09, "B", "SMD", "CAN2_L", "", "R", 15.75, 59.06, 0, 90],
		[89, "P2_2", 188.98, -767.72, "B", "SMD", "CAN2_H", "", "R", 15.75, 59.06, 0, 90],
		[90, "P2_SH1", 43.98, -852.4, "B", "SMD", "GND", "GND", "R", 39.37, 59.06, 0, 90],
		[91, "P2_SH2", 43.98, -722.4, "B", "SMD", "GND", "GND", "R", 39.37, 59.06, 0, 270],
		[92, "P3_1", 188.98, -610.24, "B", "SMD", "CAN2_L", "", "R", 15.75, 59.06, 0, 90],
		[93, "P3_2", 188.98, -570.87, "B", "SMD", "CAN2_H", "", "R", 15.75, 59.06, 0, 90],
		[94, "P3_SH1", 43.98, -655.55, "B", "SMD", "GND", "GND", "R", 39.37, 59.06, 0, 90],
		[95, "P3_SH2", 43.98, -525.55, "B", "SMD", "GND", "GND", "R", 39.37, 59.06, 0, 270],
		[96, "P4_1", 188.98, -413.39, "B", "SMD", "CAN1_L", "", "R", 15.75, 59.06, 0, 90],
		[97, "P4_2", 188.98, -374.02, "B", "SMD", "CAN1_H", "", "R", 15.75, 59.06, 0, 90],
		[98, "P4_SH1", 43.98, -458.7, "B", "SMD", "GND", "GND", "R", 39.37, 59.06, 0, 90],
		[99, "P4_SH2", 43.98, -328.7, "B", "SMD", "GND", "GND", "R", 39.37, 59.06, 0, 270],
		[100, "P5_1", 188.98, -216.54, "B", "SMD", "CAN1_L", "", "R", 15.75, 59.06, 0, 90],
		[101, "P5_2", 188.98, -177.17, "B", "SMD", "CAN1_H", "", "R", 15.75, 59.06, 0, 90],
		[102, "P5_SH1", 43.98, -261.85, "B", "SMD", "GND", "GND", "R", 39.37, 59.06, 0, 90],
		[103, "P5_SH2", 43.98, -131.85, "B", "SMD", "GND", "GND", "R", 39.37, 59.06, 0, 270],
		[104, "R2_1", 880, -720, "T", "SMD", "CAN2_L", "", "R", 20, 20, 0, 180],
		[105, "R2_2", 880, -680, "T", "SMD", "CAN2_H", "", "R", 20, 20, 0, 180],
		[106, "R3_1", 1710, -243.33, "T", "SMD", "GND", "GND", "R", 20, 20, 0, 180],
		[107, "R3_2", 1710, -203.33, "T", "SMD", "$1N7198", "", "R", 20, 20, 0, 180],
		[108, "R4_1", 1710, -130, "T", "SMD", "GND", "GND", "R", 20, 20, 0, 0],
		[109, "R4_2", 1710, -170, "T", "SMD", "$1N7194", "", "R", 20, 20, 0, 0],
		[110, "R7_1", 1110, -635, "T", "SMD", "$1N8064", "", "R", 20, 20, 0, 270],
		[111, "R7_2", 1070, -635, "T", "SMD", "VDD_USB", "", "R", 20, 20, 0, 270],
		[112, "R8_1", 1070, -340, "T", "SMD", "$1N8083", "", "R", 20, 20, 0, 90],
		[113, "R8_2", 1110, -340, "T", "SMD", "UART1_RX", "", "R", 20, 20, 0, 90],
		[114, "R9_1", 1710, -750, "T", "SMD", "$1N8290", "", "R", 20, 20, 0, 0],
		[115, "R9_2", 1710, -790, "T", "SMD", "GND", "GND", "R", 20, 20, 0, 0],
		[116, "R10_1", 1710, -860, "T", "SMD", "GND", "GND", "R", 20, 20, 0, 180],
		[117, "R10_2", 1710, -820, "T", "SMD", "$1N8294", "", "R", 20, 20, 0, 180],
		[118, "R11_1", 1710, -600, "T", "SMD", "3V3", "", "R", 20, 20, 0, 0],
		[119, "R11_2", 1710, -640, "T", "SMD", "$1N8566", "", "R", 20, 20, 0, 0],
		[120, "R12_1", 1710, -390, "T", "SMD", "PC8", "", "R", 20, 20, 0, 180],
		[121, "R12_2", 1710, -350, "T", "SMD", "$1N8614", "", "R", 20, 20, 0, 180],
		[122, "S1_1", 548.13, -206.48, "T", "SMD", "GND", "GND", "R", 9.84, 59.06, 0, 270],
		[123, "S1_2", 701.67, -206.48, "T", "SMD", "ADC4", "", "R", 9.84, 59.06, 0, 270],
		[124, "S1_3", 548.13, -226.17, "T", "SMD", "SCL", "", "R", 9.84, 59.06, 0, 270],
		[125, "S1_4", 701.67, -226.17, "T", "SMD", "ADC3", "", "R", 9.84, 59.06, 0, 270],
		[126, "S1_5", 548.13, -245.85, "T", "SMD", "SDA", "", "R", 9.84, 59.06, 0, 270],
		[127, "S1_6", 701.67, -245.85, "T", "SMD", "CAN1_H", "", "R", 9.84, 59.06, 0, 270],
		[128, "S1_7", 548.13, -265.54, "T", "SMD", "SPI3_SCK", "", "R", 9.84, 59.06, 0, 270],
		[129, "S1_8", 701.67, -265.54, "T", "SMD", "CAN1_L", "", "R", 9.84, 59.06, 0, 270],
		[130, "S1_9", 548.13, -285.22, "T", "SMD", "SPI3_MISO", "", "R", 9.84, 59.06, 0, 270],
		[131, "S1_10", 701.67, -285.22, "T", "SMD", "CAN2_R", "", "R", 9.84, 59.06, 0, 270],
		[132, "S1_11", 548.13, -304.91, "T", "SMD", "SPI3_MOSI", "", "R", 9.84, 59.06, 0, 270],
		[133, "S1_12", 701.67, -304.91, "T", "SMD", "CAN2_D", "", "R", 9.84, 59.06, 0, 270],
		[134, "S1_13", 548.13, -324.59, "T", "SMD", "SPI1_MOSI", "", "R", 9.84, 59.06, 0, 270],
		[135, "S1_14", 701.67, -324.59, "T", "SMD", "UART1_RX", "", "R", 9.84, 59.06, 0, 270],
		[136, "S1_15", 548.13, -344.28, "T", "SMD", "SPI1_SCK", "", "R", 9.84, 59.06, 0, 270],
		[137, "S1_16", 701.67, -344.28, "T", "SMD", "UART1_TX", "", "R", 9.84, 59.06, 0, 270],
		[138, "S1_17", 548.13, -363.96, "T", "SMD", "SPI1_MISO", "", "R", 9.84, 59.06, 0, 270],
		[139, "S1_18", 701.67, -363.96, "T", "SMD", "UART5_RX", "", "R", 9.84, 59.06, 0, 270],
		[140, "S1_19", 548.13, -383.65, "T", "SMD", "PC15", "", "R", 9.84, 59.06, 0, 270],
		[141, "S1_20", 701.67, -383.65, "T", "SMD", "UART5_TX", "", "R", 9.84, 59.06, 0, 270],
		[142, "S1_21", 548.13, -403.33, "T", "SMD", "PC1", "", "R", 9.84, 59.06, 0, 270],
		[143, "S1_22", 701.67, -403.33, "T", "SMD", "UART4_RX", "", "R", 9.84, 59.06, 0, 270],
		[144, "S1_23", 548.13, -423.02, "T", "SMD", "PC14", "", "R", 9.84, 59.06, 0, 270],
		[145, "S1_24", 701.67, -423.02, "T", "SMD", "UART4_TX", "", "R", 9.84, 59.06, 0, 270],
		[146, "S1_25", 548.13, -442.7, "T", "SMD", "PC0", "", "R", 9.84, 59.06, 0, 270],
		[147, "S1_26", 701.67, -442.7, "T", "SMD", "ADC2", "", "R", 9.84, 59.06, 0, 270],
		[148, "S1_27", 548.13, -462.39, "T", "SMD", "PC13", "", "R", 9.84, 59.06, 0, 270],
		[149, "S1_28", 701.67, -462.39, "T", "SMD", "ADC1", "", "R", 9.84, 59.06, 0, 270],
		[150, "S1_29", 1422.58, -510.53, "T", "SMD", "USB_DM", "", "R", 9.84, 59.06, 0, 90],
		[151, "S1_30", 1576.13, -510.53, "T", "SMD", "NRST", "", "R", 9.84, 59.06, 0, 90],
		[152, "S1_31", 1422.58, -530.21, "T", "SMD", "USB_DP", "", "R", 9.84, 59.06, 0, 90],
		[153, "S1_32", 1576.13, -530.21, "T", "SMD", "PC8", "", "R", 9.84, 59.06, 0, 90],
		[154, "S1_33", 1422.58, -549.9, "T", "SMD", "SWDIO", "", "R", 9.84, 59.06, 0, 90],
		[155, "S1_34", 1576.13, -549.9, "T", "SMD", "AGND", "", "R", 9.84, 59.06, 0, 90],
		[156, "S1_35", 1422.58, -569.58, "T", "SMD", "SWCLK", "", "R", 9.84, 59.06, 0, 90],
		[157, "S1_36", 1576.13, -569.58, "T", "SMD", "GND", "GND", "R", 9.84, 59.06, 0, 90],
		[158, "S1_37", 1422.58, -589.27, "T", "SMD", "PWM_A1", "", "R", 9.84, 59.06, 0, 90],
		[159, "S1_38", 1576.13, -589.27, "T", "SMD", "GND", "GND", "R", 9.84, 59.06, 0, 90],
		[160, "S1_39", 1422.58, -608.95, "T", "SMD", "PWM_A2", "", "R", 9.84, 59.06, 0, 90],
		[161, "S1_40", 1576.13, -608.95, "T", "SMD", "GND", "GND", "R", 9.84, 59.06, 0, 90],
		[162, "S1_41", 1422.58, -628.64, "T", "SMD", "PWM_B1", "", "R", 9.84, 59.06, 0, 90],
		[163, "S1_42", 1576.13, -628.64, "T", "SMD", "GND", "GND", "R", 9.84, 59.06, 0, 90],
		[164, "S1_43", 1422.58, -648.32, "T", "SMD", "PWM_B2", "", "R", 9.84, 59.06, 0, 90],
		[165, "S1_44", 1576.13, -648.32, "T", "SMD", "GND", "GND", "R", 9.84, 59.06, 0, 90],
		[166, "S1_45", 1422.58, -668.01, "T", "SMD", "PB1", "", "R", 9.84, 59.06, 0, 90],
		[167, "S1_46", 1576.13, -668.01, "T", "SMD", "VDD_USB", "", "R", 9.84, 59.06, 0, 90],
		[168, "S1_47", 1422.58, -687.69, "T", "SMD", "PB0", "", "R", 9.84, 59.06, 0, 90],
		[169, "S1_48", 1576.13, -687.69, "T", "SMD", "VDD_USB", "", "R", 9.84, 59.06, 0, 90],
		[170, "S1_49", 1422.58, -707.38, "T", "SMD", "PA4", "", "R", 9.84, 59.06, 0, 90],
		[171, "S1_50", 1576.13, -707.38, "T", "SMD", "VDD_USB", "", "R", 9.84, 59.06, 0, 90],
		[172, "S1_51", 1422.58, -727.06, "T", "SMD", "PA6", "", "R", 9.84, 59.06, 0, 90],
		[173, "S1_52", 1576.13, -727.06, "T", "SMD", "VDD_USB", "", "R", 9.84, 59.06, 0, 90],
		[174, "S1_53", 1422.58, -746.75, "T", "SMD", "ENCODER1_A", "", "R", 9.84, 59.06, 0, 90],
		[175, "S1_54", 1576.13, -746.75, "T", "SMD", "ENCODER2_B", "", "R", 9.84, 59.06, 0, 90],
		[176, "S1_55", 1422.58, -766.43, "T", "SMD", "ENCODER1_B", "", "R", 9.84, 59.06, 0, 90],
		[177, "S1_56", 1576.13, -766.43, "T", "SMD", "ENCODER2_A", "", "R", 9.84, 59.06, 0, 90],
		[178, "S1_57", 575.7, -169.06, "T", "DIP", "S1_57", "", "C", 23.62, 23.62, 35.43, 180],
		[179, "S1_57", 575.7, -169.06, "B", "DIP", "S1_57", "", "C", 23.62, 23.62, 35.43, 180],
		[180, "S1_58", 575.7, -499.76, "T", "DIP", "S1_58", "", "C", 23.62, 23.62, 35.43, 180],
		[181, "S1_58", 575.7, -499.76, "B", "DIP", "S1_58", "", "C", 23.62, 23.62, 35.43, 180],
		[182, "S1_59", 1548.55, -803.86, "T", "DIP", "S1_59", "", "C", 23.62, 23.62, 35.43, 0],
		[183, "S1_59", 1548.55, -803.86, "B", "DIP", "S1_59", "", "C", 23.62, 23.62, 35.43, 0],
		[184, "S1_60", 1548.55, -473.15, "T", "DIP", "S1_60", "", "C", 23.62, 23.62, 35.43, 0],
		[185, "S1_60", 1548.55, -473.15, "B", "DIP", "S1_60", "", "C", 23.62, 23.62, 35.43, 0],
		[186, "U1_1", 595.67, -625, "T", "SMD", "CAN2_D", "", "O", 19.68, 51.18, 0, 90],
		[187, "U1_2", 595.67, -675, "T", "SMD", "GND", "GND", "O", 19.68, 51.18, 0, 90],
		[188, "U1_3", 595.67, -725, "T", "SMD", "3V3", "", "O", 19.68, 51.18, 0, 90],
		[189, "U1_4", 595.67, -775, "T", "SMD", "CAN2_R", "", "O", 19.68, 51.18, 0, 90],
		[190, "U1_5", 804.33, -775, "T", "SMD", "U1_5", "", "O", 19.68, 51.18, 0, 90],
		[191, "U1_6", 804.33, -725, "T", "SMD", "CAN2_L", "", "O", 19.68, 51.18, 0, 90],
		[192, "U1_7", 804.33, -675, "T", "SMD", "CAN2_H", "", "O", 19.68, 51.18, 0, 90],
		[193, "U1_8", 804.33, -625, "T", "SMD", "U1_8", "", "O", 19.68, 51.18, 0, 90],
		[194, "U2_1", 433.07, -88.58, "T", "SMD", "NRST", "", "R", 39.37, 27.56, 0, 180],
		[195, "U2_2", 275.59, -88.58, "T", "SMD", "NRST", "", "R", 39.37, 27.56, 0, 180],
		[196, "U2_3", 433.07, -25.59, "T", "SMD", "GND", "GND", "R", 39.37, 27.56, 0, 180],
		[197, "U2_4", 275.59, -25.59, "T", "SMD", "GND", "GND", "R", 39.37, 27.56, 0, 180],
		[198, "U3_1", 275.59, -895.67, "T", "SMD", "PC15", "", "R", 39.37, 27.56, 0, 0],
		[199, "U3_2", 433.07, -895.67, "T", "SMD", "PC15", "", "R", 39.37, 27.56, 0, 0],
		[200, "U3_3", 275.59, -958.66, "T", "SMD", "GND", "GND", "R", 39.37, 27.56, 0, 0],
		[201, "U3_4", 433.07, -958.66, "T", "SMD", "GND", "GND", "R", 39.37, 27.56, 0, 0],
		[202, "U4_1", 1587, -338, "T", "SMD", "VDD_USB", "", "R", 24, 30, 0, 90],
		[203, "U4_2", 1587, -300, "T", "SMD", "GND", "GND", "R", 24, 30, 0, 90],
		[204, "U4_3", 1587, -262, "T", "SMD", "VDD_USB", "", "R", 24, 30, 0, 90],
		[205, "U4_4", 1493, -262, "T", "SMD", "$1N7820", "", "R", 24, 30, 0, 90],
		[206, "U4_5", 1493, -338, "T", "SMD", "3V3", "", "R", 24, 30, 0, 90],
		[207, "U5_1", 997.12, -433.07, "T", "SMD", "U5_1", "", "R", 12, 38, 0, 270],
		[208, "U5_2", 997.12, -452.76, "T", "SMD", "U5_2", "", "R", 12, 38, 0, 270],
		[209, "U5_3", 997.12, -472.44, "T", "SMD", "GND", "GND", "R", 12, 38, 0, 270],
		[210, "U5_4", 997.12, -492.13, "T", "SMD", "CP2102_D+", "", "R", 12, 38, 0, 270],
		[211, "U5_5", 997.12, -511.81, "T", "SMD", "CP2102_D-", "", "R", 12, 38, 0, 270],
		[212, "U5_6", 997.12, -531.5, "T", "SMD", "U5_6", "", "R", 12, 38, 0, 270],
		[213, "U5_7", 997.12, -551.18, "T", "SMD", "VDD_USB", "", "R", 12, 38, 0, 270],
		[214, "U5_8", 1029.57, -583.63, "T", "SMD", "VDD_USB", "", "R", 12, 38, 0, 180],
		[215, "U5_9", 1049.25, -583.63, "T", "SMD", "$1N8064", "", "R", 12, 38, 0, 180],
		[216, "U5_10", 1068.94, -583.63, "T", "SMD", "U5_10", "", "R", 12, 38, 0, 180],
		[217, "U5_11", 1088.62, -583.63, "T", "SMD", "U5_11", "", "R", 12, 38, 0, 180],
		[218, "U5_12", 1108.31, -583.63, "T", "SMD", "U5_12", "", "R", 12, 38, 0, 180],
		[219, "U5_13", 1127.99, -583.63, "T", "SMD", "U5_13", "", "R", 12, 38, 0, 180],
		[220, "U5_14", 1147.68, -583.63, "T", "SMD", "U5_14", "", "R", 12, 38, 0, 180],
		[221, "U5_15", 1180.12, -551.18, "T", "SMD", "U5_15", "", "R", 12, 38, 0, 270],
		[222, "U5_16", 1180.12, -531.5, "T", "SMD", "U5_16", "", "R", 12, 38, 0, 270],
		[223, "U5_17", 1180.12, -511.81, "T", "SMD", "U5_17", "", "R", 12, 38, 0, 270],
		[224, "U5_18", 1180.12, -492.13, "T", "SMD", "U5_18", "", "R", 12, 38, 0, 270],
		[225, "U5_19", 1180.12, -472.44, "T", "SMD", "U5_19", "", "R", 12, 38, 0, 270],
		[226, "U5_20", 1180.12, -452.76, "T", "SMD", "U5_20", "", "R", 12, 38, 0, 270],
		[227, "U5_21", 1180.12, -433.07, "T", "SMD", "U5_21", "", "R", 12, 38, 0, 270],
		[228, "U5_22", 1147.68, -400.63, "T", "SMD", "U5_22", "", "R", 12, 38, 0, 180],
		[229, "U5_23", 1127.99, -400.63, "T", "SMD", "U5_23", "", "R", 12, 38, 0, 180],
		[230, "U5_24", 1108.31, -400.63, "T", "SMD", "U5_24", "", "R", 12, 38, 0, 180],
		[231, "U5_25", 1088.62, -400.63, "T", "SMD", "UART1_TX", "", "R", 12, 38, 0, 180],
		[232, "U5_26", 1068.94, -400.63, "T", "SMD", "$1N8083", "", "R", 12, 38, 0, 180],
		[233, "U5_27", 1049.25, -400.63, "T", "SMD", "U5_27", "", "R", 12, 38, 0, 180],
		[234, "U5_28", 1029.57, -400.63, "T", "SMD", "U5_28", "", "R", 12, 38, 0, 180],
		[235, "U5_29", 1088.62, -492.13, "T", "SMD", "GND", "GND", "R", 106.3, 110.24, 0, 0],
		[236, "U6_0", 54.55, -644.69, "T", "SMD", "GND", "GND", "R", 39.37, 78.74, 0, 270],
		[237, "U6_0", 54.55, -890.75, "T", "SMD", "GND", "GND", "R", 39.37, 78.74, 0, 270],
		[238, "U6_1", 205.3, -846.46, "T", "SMD", "ENCODER1_B", "", "R", 19.68, 59.05, 0, 270],
		[239, "U6_2", 205.3, -807.09, "T", "SMD", "ENCODER1_A", "", "R", 19.68, 59.05, 0, 270],
		[240, "U6_3", 205.3, -767.72, "T", "SMD", "PWM_A2", "", "R", 19.68, 59.05, 0, 270],
		[241, "U6_4", 205.3, -728.35, "T", "SMD", "PWM_A1", "", "R", 19.68, 59.05, 0, 270],
		[242, "U6_5", 205.3, -688.98, "T", "SMD", "GND", "GND", "R", 19.68, 59.05, 0, 270],
		[243, "U7_0", 54.55, -93.51, "T", "SMD", "GND", "GND", "R", 39.37, 78.74, 0, 270],
		[244, "U7_0", 54.55, -339.57, "T", "SMD", "GND", "GND", "R", 39.37, 78.74, 0, 270],
		[245, "U7_1", 205.3, -295.28, "T", "SMD", "PWM_B1", "", "R", 19.68, 59.05, 0, 270],
		[246, "U7_2", 205.3, -255.91, "T", "SMD", "PWM_B2", "", "R", 19.68, 59.05, 0, 270],
		[247, "U7_3", 205.3, -216.54, "T", "SMD", "ENCODER2_A", "", "R", 19.68, 59.05, 0, 270],
		[248, "U7_4", 205.3, -177.17, "T", "SMD", "ENCODER2_B", "", "R", 19.68, 59.05, 0, 270],
		[249, "U7_5", 205.3, -137.8, "T", "SMD", "GND", "GND", "R", 19.68, 59.05, 0, 270],
		[250, "USB1_1", 1820.27, -425.99, "T", "DIP", "GND", "GND", "O", 39.37, 78.74, 66.93, 90],
		[251, "USB1_1", 1820.27, -425.99, "B", "DIP", "GND", "GND", "O", 39.37, 78.74, 66.93, 90],
		[252, "USB1_2", 1820.27, -85.83, "T", "DIP", "GND", "GND", "O", 39.37, 78.74, 66.93, 90],
		[253, "USB1_2", 1820.27, -85.83, "B", "DIP", "GND", "GND", "O", 39.37, 78.74, 66.93, 90],
		[254, "USB1_3", 1984.84, -425.99, "T", "DIP", "GND", "GND", "O", 39.37, 70.87, 55.12, 90],
		[255, "USB1_3", 1984.84, -425.99, "B", "DIP", "GND", "GND", "O", 39.37, 70.87, 55.12, 90],
		[256, "USB1_4", 1984.84, -85.83, "T", "DIP", "GND", "GND", "O", 39.37, 70.87, 55.12, 90],
		[257, "USB1_4", 1984.84, -85.83, "B", "DIP", "GND", "GND", "O", 39.37, 70.87, 55.12, 90],
		[258, "USB1_A1", 1794.68, -387.8, "T", "SMD", "GND", "GND", "R", 11.81, 51.18, 0, 90],
		[259, "USB1_A12", 1794.68, -124.02, "T", "SMD", "GND", "GND", "R", 11.81, 51.18, 0, 90],
		[260, "USB1_A4", 1794.68, -356.3, "T", "SMD", "VDD_USB", "", "R", 11.81, 51.18, 0, 90],
		[261, "USB1_A5", 1794.68, -305.12, "T", "SMD", "$1N7198", "", "R", 11.81, 51.18, 0, 90],
		[262, "USB1_A6", 1794.68, -265.75, "T", "SMD", "USB_DP", "", "R", 11.81, 51.18, 0, 90],
		[263, "USB1_A7", 1794.68, -246.07, "T", "SMD", "USB_DM", "", "R", 11.81, 51.18, 0, 90],
		[264, "USB1_A8", 1794.68, -206.71, "T", "SMD", "USB1_A8", "", "R", 11.81, 51.18, 0, 90],
		[265, "USB1_A9", 1794.69, -155.51, "T", "SMD", "VDD_USB", "", "R", 11.81, 51.18, 0, 90],
		[266, "USB1_B1", 1794.68, -135.83, "T", "SMD", "GND", "GND", "R", 11.81, 51.18, 0, 90],
		[267, "USB1_B12", 1794.68, -375.99, "T", "SMD", "GND", "GND", "R", 11.81, 51.18, 0, 90],
		[268, "USB1_B4", 1794.69, -167.33, "T", "SMD", "VDD_USB", "", "R", 11.81, 51.18, 0, 90],
		[269, "USB1_B5", 1794.68, -187.01, "T", "SMD", "$1N7194", "", "R", 11.81, 51.18, 0, 90],
		[270, "USB1_B6", 1794.68, -226.38, "T", "SMD", "USB_DP", "", "R", 11.81, 51.18, 0, 90],
		[271, "USB1_B7", 1794.68, -285.44, "T", "SMD", "USB_DM", "", "R", 11.81, 51.18, 0, 90],
		[272, "USB1_B8", 1794.68, -324.81, "T", "SMD", "USB1_B8", "", "R", 11.81, 51.18, 0, 90],
		[273, "USB1_B9", 1794.68, -344.49, "T", "SMD", "VDD_USB", "", "R", 11.81, 51.18, 0, 90],
		[274, "USB2_1", 1820.27, -898.43, "T", "DIP", "GND", "GND", "O", 39.37, 78.74, 66.93, 90],
		[275, "USB2_1", 1820.27, -898.43, "B", "DIP", "GND", "GND", "O", 39.37, 78.74, 66.93, 90],
		[276, "USB2_2", 1820.27, -558.27, "T", "DIP", "GND", "GND", "O", 39.37, 78.74, 66.93, 90],
		[277, "USB2_2", 1820.27, -558.27, "B", "DIP", "GND", "GND", "O", 39.37, 78.74, 66.93, 90],
		[278, "USB2_3", 1984.84, -898.43, "T", "DIP", "GND", "GND", "O", 39.37, 70.87, 55.12, 90],
		[279, "USB2_3", 1984.84, -898.43, "B", "DIP", "GND", "GND", "O", 39.37, 70.87, 55.12, 90],
		[280, "USB2_4", 1984.84, -558.27, "T", "DIP", "GND", "GND", "O", 39.37, 70.87, 55.12, 90],
		[281, "USB2_4", 1984.84, -558.27, "B", "DIP", "GND", "GND", "O", 39.37, 70.87, 55.12, 90],
		[282, "USB2_A1", 1794.68, -860.24, "T", "SMD", "GND", "GND", "R", 11.81, 51.18, 0, 90],
		[283, "USB2_A12", 1794.68, -596.46, "T", "SMD", "GND", "GND", "R", 11.81, 51.18, 0, 90],
		[284, "USB2_A4", 1794.68, -828.74, "T", "SMD", "VDD_USB", "", "R", 11.81, 51.18, 0, 90],
		[285, "USB2_A5", 1794.68, -777.56, "T", "SMD", "$1N8294", "", "R", 11.81, 51.18, 0, 90],
		[286, "USB2_A6", 1794.68, -738.19, "T", "SMD", "CP2102_D+", "", "R", 11.81, 51.18, 0, 90],
		[287, "USB2_A7", 1794.68, -718.51, "T", "SMD", "CP2102_D-", "", "R", 11.81, 51.18, 0, 90],
		[288, "USB2_A8", 1794.68, -679.15, "T", "SMD", "USB2_A8", "", "R", 11.81, 51.18, 0, 90],
		[289, "USB2_A9", 1794.69, -627.95, "T", "SMD", "VDD_USB", "", "R", 11.81, 51.18, 0, 90],
		[290, "USB2_B1", 1794.68, -608.27, "T", "SMD", "GND", "GND", "R", 11.81, 51.18, 0, 90],
		[291, "USB2_B12", 1794.68, -848.43, "T", "SMD", "GND", "GND", "R", 11.81, 51.18, 0, 90],
		[292, "USB2_B4", 1794.69, -639.77, "T", "SMD", "VDD_USB", "", "R", 11.81, 51.18, 0, 90],
		[293, "USB2_B5", 1794.68, -659.45, "T", "SMD", "$1N8290", "", "R", 11.81, 51.18, 0, 90],
		[294, "USB2_B6", 1794.68, -698.82, "T", "SMD", "CP2102_D+", "", "R", 11.81, 51.18, 0, 90],
		[295, "USB2_B7", 1794.68, -757.88, "T", "SMD", "CP2102_D-", "", "R", 11.81, 51.18, 0, 90],
		[296, "USB2_B8", 1794.68, -797.25, "T", "SMD", "USB2_B8", "", "R", 11.81, 51.18, 0, 90],
		[297, "USB2_B9", 1794.68, -816.93, "T", "SMD", "VDD_USB", "", "R", 11.81, 51.18, 0, 90]
	]
}
}